Code,Discount,Status
03F1X3FM,20%,Active
0U9DT97N,20%,Active
0ZK9V58Q,20%,Active
17LS9Z0W,20%,Active
1GPR98L8,20%,Active
1JB51BB6,20%,Active
1MDK0Q50,20%,Active
1QGV1F05,20%,Active
2914WCPP,20%,Active
2QU27HB5,20%,Active
37JUU89U,20%,Active
3X3U6W1U,20%,Active
405ULGF2,20%,Active
4FF374ZF,20%,Active
4G3MNR14,20%,Active
545EWUD3,20%,Active
5EZG07W5,20%,Active
5M17W4KX,20%,Active
5MTXU108,20%,Active
5SFK73D6,20%,Active
5U260UFC,20%,Active
66FGE3R0,20%,Active
67S33PFE,20%,Active
6CLJ73B7,20%,Active
6FZCT128,20%,Active
6PDX3F65,20%,Active
7SHA437W,20%,Active
7TG566BM,20%,Active
7V5T71XL,20%,Active
84C6E6HB,20%,Active
84QT5LW4,20%,Active
9VD1LR10,20%,Active
9Z0D5N5U,20%,Active
A49G7A5W,20%,Active
A8A38QG0,20%,Active
ASL3Z836,20%,Active
B30Q95AC,20%,Active
BRN4S789,20%,Active
BU60E42P,20%,Active
C2Y2L0S0,20%,Active
CGX11E23,20%,Active
D3298EKN,20%,Active
D963U9LC,20%,Active
DA243XF2,20%,Active
DZ7863LR,20%,Active
F41D0TJ6,20%,Active
F5C80D1H,20%,Active
FQ0V9U15,20%,Active
GRY3661J,20%,Active
HM0928WN,20%,Active
HQ6Z6K63,20%,Active
J385Y8DU,20%,Active
JEAU8401,20%,Active
JEH5U825,20%,Active
K82P4W0P,20%,Active
KU70Q90U,20%,Active
KZV735D3,20%,Active
KZX39L07,20%,Active
LL18U8T6,20%,Active
LMKZ4186,20%,Active
LU6X0E37,20%,Active
M066D2DX,20%,Active
M15G8S3L,20%,Active
N773T4ZG,20%,Active
N7JQ86D2,20%,Active
N7SN731S,20%,Active
NBM3E121,20%,Active
NKBM1090,20%,Active
Q1E7GT47,20%,Active
QW69J97E,20%,Active
QZ5G9T45,20%,Active
R17RE4C6,20%,Active
R1A23WX6,20%,Active
R2S6LF22,20%,Active
R8X0D3C4,20%,Active
S7R1B4V7,20%,Active
SF17B11E,20%,Active
SZ09TS15,20%,Active
T56UJ8M2,20%,Active
T61TX80X,20%,Active
TJ23H4S5,20%,Active
TPEX2977,20%,Active
TR9G27Q7,20%,Active
U6Y72QS9,20%,Active
UWUT0726,20%,Active
VP7TB488,20%,Active
WN02BS98,20%,Active
WV82YR02,20%,Active
WZV1092L,20%,Active
X0CP9M73,20%,Active
X24P4W6W,20%,Active
X8Q421TR,20%,Active
XGT53B59,20%,Active
Y2W9DX45,20%,Active
YHD7E927,20%,Active
Z2SEP917,20%,Active
Z48A7JM7,20%,Active
Z8G3FZ25,20%,Active
ZBFB0558,20%,Active
ZU8U538K,20%,Active